query_idx,language,stt_ms,retrieval_ms,generation_ms,guardrails_ms,total_ms,wall_time_ms,guardrail_flags,status
1,hi,0.0,33.69,1374.82,15.8,1424.77,3477.15,['ungrounded: मुझे विश्वास नहीं है कि यह उत्तर स्रोत दस्तावेजों द्वारा पूरी तरह से समर्थित है। यहाँ प्रासंगिक अंश हैं:'],ok
2,hi,0.0,43.88,598.69,0.57,643.4,645.62,['ungrounded: मुझे विश्वास नहीं है कि यह उत्तर स्रोत दस्तावेजों द्वारा पूरी तरह से समर्थित है। यहाँ प्रासंगिक अंश हैं:'],ok
3,hi,0.0,54.89,606.7,0.62,662.5,664.69,['ungrounded: मुझे विश्वास नहीं है कि यह उत्तर स्रोत दस्तावेजों द्वारा पूरी तरह से समर्थित है। यहाँ प्रासंगिक अंश हैं:'],ok
4,hi,0.0,32.78,693.88,0.4,727.26,729.06,['ungrounded: मुझे विश्वास नहीं है कि यह उत्तर स्रोत दस्तावेजों द्वारा पूरी तरह से समर्थित है। यहाँ प्रासंगिक अंश हैं:'],ok
5,hi,0.0,30.55,685.66,0.75,717.36,720.13,['ungrounded: मुझे विश्वास नहीं है कि यह उत्तर स्रोत दस्तावेजों द्वारा पूरी तरह से समर्थित है। यहाँ प्रासंगिक अंश हैं:'],ok
6,hi,0.0,25.5,834.85,0.41,860.98,862.93,['ungrounded: मुझे विश्वास नहीं है कि यह उत्तर स्रोत दस्तावेजों द्वारा पूरी तरह से समर्थित है। यहाँ प्रासंगिक अंश हैं:'],ok
7,hi,0.0,25.28,611.56,0.61,637.79,639.58,['ungrounded: मुझे विश्वास नहीं है कि यह उत्तर स्रोत दस्तावेजों द्वारा पूरी तरह से समर्थित है। यहाँ प्रासंगिक अंश हैं:'],ok
8,hi,0.0,25.31,664.73,0.59,690.83,692.97,['ungrounded: मुझे विश्वास नहीं है कि यह उत्तर स्रोत दस्तावेजों द्वारा पूरी तरह से समर्थित है। यहाँ प्रासंगिक अंश हैं:'],ok
9,hi,0.0,25.2,1500.98,0.7,1527.15,1529.32,[],ok
10,hi,0.0,51.23,619.14,0.46,671.18,673.6,['ungrounded: मुझे विश्वास नहीं है कि यह उत्तर स्रोत दस्तावेजों द्वारा पूरी तरह से समर्थित है। यहाँ प्रासंगिक अंश हैं:'],ok
11,hi,0.0,26.73,1527.94,0.36,1555.24,1557.35,['ungrounded: मुझे विश्वास नहीं है कि यह उत्तर स्रोत दस्तावेजों द्वारा पूरी तरह से समर्थित है। यहाँ प्रासंगिक अंश हैं:'],ok
12,hi,0.0,27.56,1473.22,0.45,1501.44,1503.22,['ungrounded: मुझे विश्वास नहीं है कि यह उत्तर स्रोत दस्तावेजों द्वारा पूरी तरह से समर्थित है। यहाँ प्रासंगिक अंश हैं:'],ok
13,hi,0.0,27.5,1508.87,0.74,1537.35,1539.35,[],ok
14,hi,0.0,36.86,1511.44,0.38,1548.96,1551.12,['ungrounded: मुझे विश्वास नहीं है कि यह उत्तर स्रोत दस्तावेजों द्वारा पूरी तरह से समर्थित है। यहाँ प्रासंगिक अंश हैं:'],ok
15,hi,0.0,25.52,1491.81,0.48,1518.11,1520.32,['ungrounded: मुझे विश्वास नहीं है कि यह उत्तर स्रोत दस्तावेजों द्वारा पूरी तरह से समर्थित है। यहाँ प्रासंगिक अंश हैं:'],ok
16,hi,0.0,31.62,1515.21,0.4,1547.42,1549.22,['ungrounded: मुझे विश्वास नहीं है कि यह उत्तर स्रोत दस्तावेजों द्वारा पूरी तरह से समर्थित है। यहाँ प्रासंगिक अंश हैं:'],ok
17,hi,0.0,49.28,1507.13,0.64,1557.4,1560.22,[],ok
18,hi,0.0,42.77,1519.98,0.86,1564.06,1566.94,[],ok
19,hi,0.0,106.41,1517.88,1.4,1626.3,1629.45,[],ok
20,hi,0.0,38.94,1502.29,0.92,1542.61,1547.04,['ungrounded: मुझे विश्वास नहीं है कि यह उत्तर स्रोत दस्तावेजों द्वारा पूरी तरह से समर्थित है। यहाँ प्रासंगिक अंश हैं:'],ok
21,hi,0.0,37.78,1508.51,1.81,1548.84,1552.85,[],ok
22,hi,0.0,37.2,1486.44,1.91,1526.14,1530.15,['ungrounded: मुझे विश्वास नहीं है कि यह उत्तर स्रोत दस्तावेजों द्वारा पूरी तरह से समर्थित है। यहाँ प्रासंगिक अंश हैं:'],ok
23,hi,0.0,49.21,744.74,1.86,796.24,798.9,['ungrounded: मुझे विश्वास नहीं है कि यह उत्तर स्रोत दस्तावेजों द्वारा पूरी तरह से समर्थित है। यहाँ प्रासंगिक अंश हैं:'],ok
24,hi,0.0,55.25,1517.89,7.25,1580.88,1583.31,['ungrounded: मुझे विश्वास नहीं है कि यह उत्तर स्रोत दस्तावेजों द्वारा पूरी तरह से समर्थित है। यहाँ प्रासंगिक अंश हैं:'],ok
25,hi,0.0,49.03,1518.34,0.98,1568.79,1571.68,['ungrounded: मुझे विश्वास नहीं है कि यह उत्तर स्रोत दस्तावेजों द्वारा पूरी तरह से समर्थित है। यहाँ प्रासंगिक अंश हैं:'],ok
26,hi,0.0,45.4,1498.71,0.56,1545.12,1547.57,['ungrounded: मुझे विश्वास नहीं है कि यह उत्तर स्रोत दस्तावेजों द्वारा पूरी तरह से समर्थित है। यहाँ प्रासंगिक अंश हैं:'],ok
27,hi,0.0,38.69,1513.14,0.92,1553.23,1556.61,[],ok
28,hi,0.0,34.76,1509.53,1.29,1546.09,1549.61,[],ok
29,hi,0.0,45.56,1510.32,1.94,1558.51,1561.81,[],ok
30,hi,0.0,38.53,1522.72,1.21,1562.89,1566.14,['ungrounded: मुझे विश्वास नहीं है कि यह उत्तर स्रोत दस्तावेजों द्वारा पूरी तरह से समर्थित है। यहाँ प्रासंगिक अंश हैं:'],ok
31,hi,0.0,34.64,1512.92,0.65,1548.68,1551.82,[],ok
32,hi,0.0,49.64,1526.09,1.51,1577.83,1580.38,['ungrounded: मुझे विश्वास नहीं है कि यह उत्तर स्रोत दस्तावेजों द्वारा पूरी तरह से समर्थित है। यहाँ प्रासंगिक अंश हैं:'],ok
33,hi,0.0,34.2,1511.61,1.77,1548.0,1551.57,[],ok
34,hi,0.0,37.9,1515.71,3.97,1558.31,1562.77,[],ok
35,hi,0.0,39.79,1510.61,0.92,1551.76,1554.67,[],ok
36,hi,0.0,40.45,584.29,1.8,627.09,631.75,['ungrounded: मुझे विश्वास नहीं है कि यह उत्तर स्रोत दस्तावेजों द्वारा पूरी तरह से समर्थित है। यहाँ प्रासंगिक अंश हैं:'],ok
37,hi,0.0,32.74,1521.49,0.87,1555.73,1560.65,[],ok
38,hi,0.0,34.59,713.45,0.56,748.9,751.15,['ungrounded: मुझे विश्वास नहीं है कि यह उत्तर स्रोत दस्तावेजों द्वारा पूरी तरह से समर्थित है। यहाँ प्रासंगिक अंश हैं:'],ok
39,hi,0.0,38.27,1505.38,0.6,1544.65,1548.12,[],ok
40,hi,0.0,45.88,1513.95,0.86,1561.03,1563.15,['ungrounded: मुझे विश्वास नहीं है कि यह उत्तर स्रोत दस्तावेजों द्वारा पूरी तरह से समर्थित है। यहाँ प्रासंगिक अंश हैं:'],ok
41,hi,0.0,44.01,1512.85,1.66,1559.21,1563.81,[],ok
42,hi,0.0,42.86,1509.65,1.73,1554.8,1558.33,['ungrounded: मुझे विश्वास नहीं है कि यह उत्तर स्रोत दस्तावेजों द्वारा पूरी तरह से समर्थित है। यहाँ प्रासंगिक अंश हैं:'],ok
43,hi,0.0,43.79,1514.82,1.02,1560.19,1564.91,['ungrounded: मुझे विश्वास नहीं है कि यह उत्तर स्रोत दस्तावेजों द्वारा पूरी तरह से समर्थित है। यहाँ प्रासंगिक अंश हैं:'],ok
44,hi,0.0,38.17,1515.83,1.92,1556.44,1560.22,['ungrounded: मुझे विश्वास नहीं है कि यह उत्तर स्रोत दस्तावेजों द्वारा पूरी तरह से समर्थित है। यहाँ प्रासंगिक अंश हैं:'],ok
45,hi,0.0,38.83,606.37,0.83,646.4,649.07,['ungrounded: मुझे विश्वास नहीं है कि यह उत्तर स्रोत दस्तावेजों द्वारा पूरी तरह से समर्थित है। यहाँ प्रासंगिक अंश हैं:'],ok
46,hi,0.0,48.79,1517.0,1.01,1567.23,1569.68,['ungrounded: मुझे विश्वास नहीं है कि यह उत्तर स्रोत दस्तावेजों द्वारा पूरी तरह से समर्थित है। यहाँ प्रासंगिक अंश हैं:'],ok
47,hi,0.0,35.09,1516.94,1.35,1553.8,1556.86,['ungrounded: मुझे विश्वास नहीं है कि यह उत्तर स्रोत दस्तावेजों द्वारा पूरी तरह से समर्थित है। यहाँ प्रासंगिक अंश हैं:'],ok
48,hi,0.0,39.57,1522.28,1.07,1563.41,1567.67,['ungrounded: मुझे विश्वास नहीं है कि यह उत्तर स्रोत दस्तावेजों द्वारा पूरी तरह से समर्थित है। यहाँ प्रासंगिक अंश हैं:'],ok
49,hi,0.0,37.79,1519.12,0.85,1558.16,1561.01,['ungrounded: मुझे विश्वास नहीं है कि यह उत्तर स्रोत दस्तावेजों द्वारा पूरी तरह से समर्थित है। यहाँ प्रासंगिक अंश हैं:'],ok
50,hi,0.0,166.28,1519.93,8.65,1695.64,1700.75,['ungrounded: मुझे विश्वास नहीं है कि यह उत्तर स्रोत दस्तावेजों द्वारा पूरी तरह से समर्थित है। यहाँ प्रासंगिक अंश हैं:'],ok
51,hi,0.0,37.91,1504.71,2.29,1545.69,1548.36,[],ok
52,hi,0.0,48.99,1510.55,2.02,1562.38,1566.64,[],ok
53,hi,0.0,44.0,1496.2,1.75,1542.75,1547.37,[],ok
54,hi,0.0,34.52,1514.47,2.72,1552.39,1555.63,[],ok
55,hi,0.0,47.08,1518.96,0.91,1567.43,1571.7,[],ok
56,hi,0.0,37.73,609.6,0.84,648.62,652.3,['ungrounded: मुझे विश्वास नहीं है कि यह उत्तर स्रोत दस्तावेजों द्वारा पूरी तरह से समर्थित है। यहाँ प्रासंगिक अंश हैं:'],ok
57,hi,0.0,75.19,1514.82,1.29,1591.79,1595.37,[],ok
58,hi,0.0,62.83,1515.78,0.44,1579.34,1581.45,[],ok
59,hi,0.0,39.11,1506.39,1.54,1547.4,1549.72,['ungrounded: मुझे विश्वास नहीं है कि यह उत्तर स्रोत दस्तावेजों द्वारा पूरी तरह से समर्थित है। यहाँ प्रासंगिक अंश हैं:'],ok
60,hi,0.0,38.48,1522.36,1.7,1563.14,1567.37,['ungrounded: मुझे विश्वास नहीं है कि यह उत्तर स्रोत दस्तावेजों द्वारा पूरी तरह से समर्थित है। यहाँ प्रासंगिक अंश हैं:'],ok
61,hi,0.0,64.49,1517.72,1.68,1584.45,1588.61,[],ok
62,hi,0.0,36.29,1520.27,0.86,1557.75,1560.63,['ungrounded: मुझे विश्वास नहीं है कि यह उत्तर स्रोत दस्तावेजों द्वारा पूरी तरह से समर्थित है। यहाँ प्रासंगिक अंश हैं:'],ok
63,hi,0.0,29.39,602.18,0.69,632.57,634.95,['ungrounded: मुझे विश्वास नहीं है कि यह उत्तर स्रोत दस्तावेजों द्वारा पूरी तरह से समर्थित है। यहाँ प्रासंगिक अंश हैं:'],ok
64,hi,0.0,35.91,1512.65,1.03,1550.15,1553.48,['ungrounded: मुझे विश्वास नहीं है कि यह उत्तर स्रोत दस्तावेजों द्वारा पूरी तरह से समर्थित है। यहाँ प्रासंगिक अंश हैं:'],ok
65,hi,0.0,55.4,1492.27,0.46,1548.45,1551.77,[],ok
66,hi,0.0,41.35,1521.98,0.54,1564.21,1566.79,['ungrounded: मुझे विश्वास नहीं है कि यह उत्तर स्रोत दस्तावेजों द्वारा पूरी तरह से समर्थित है। यहाँ प्रासंगिक अंश हैं:'],ok
67,hi,0.0,40.88,1515.99,0.58,1557.82,1560.38,['ungrounded: मुझे विश्वास नहीं है कि यह उत्तर स्रोत दस्तावेजों द्वारा पूरी तरह से समर्थित है। यहाँ प्रासंगिक अंश हैं:'],ok
68,hi,0.0,59.04,1518.36,1.95,1579.97,1584.24,[],ok
69,hi,0.0,32.28,1515.19,1.15,1549.26,1552.46,[],ok
70,hi,0.0,55.72,1517.11,1.23,1574.45,1577.05,[],ok
71,hi,0.0,46.68,1509.76,0.92,1557.77,1561.56,['ungrounded: मुझे विश्वास नहीं है कि यह उत्तर स्रोत दस्तावेजों द्वारा पूरी तरह से समर्थित है। यहाँ प्रासंगिक अंश हैं:'],ok
72,hi,0.0,43.19,1513.3,0.9,1557.84,1560.64,['ungrounded: मुझे विश्वास नहीं है कि यह उत्तर स्रोत दस्तावेजों द्वारा पूरी तरह से समर्थित है। यहाँ प्रासंगिक अंश हैं:'],ok
73,hi,0.0,41.43,1525.0,0.44,1567.16,1568.94,['ungrounded: मुझे विश्वास नहीं है कि यह उत्तर स्रोत दस्तावेजों द्वारा पूरी तरह से समर्थित है। यहाँ प्रासंगिक अंश हैं:'],ok
74,hi,0.0,60.89,1514.81,0.96,1577.1,1579.48,['ungrounded: मुझे विश्वास नहीं है कि यह उत्तर स्रोत दस्तावेजों द्वारा पूरी तरह से समर्थित है। यहाँ प्रासंगिक अंश हैं:'],ok
75,hi,0.0,50.01,1525.17,0.72,1576.31,1580.31,['ungrounded: मुझे विश्वास नहीं है कि यह उत्तर स्रोत दस्तावेजों द्वारा पूरी तरह से समर्थित है। यहाँ प्रासंगिक अंश हैं:'],ok
76,hi,0.0,44.12,586.73,0.89,632.16,634.53,['ungrounded: मुझे विश्वास नहीं है कि यह उत्तर स्रोत दस्तावेजों द्वारा पूरी तरह से समर्थित है। यहाँ प्रासंगिक अंश हैं:'],ok
77,hi,0.0,47.84,1516.56,1.06,1566.01,1571.8,['ungrounded: मुझे विश्वास नहीं है कि यह उत्तर स्रोत दस्तावेजों द्वारा पूरी तरह से समर्थित है। यहाँ प्रासंगिक अंश हैं:'],ok
78,hi,0.0,55.13,1495.99,0.53,1551.9,1553.96,['ungrounded: मुझे विश्वास नहीं है कि यह उत्तर स्रोत दस्तावेजों द्वारा पूरी तरह से समर्थित है। यहाँ प्रासंगिक अंश हैं:'],ok
79,hi,0.0,51.52,1523.46,0.36,1575.66,1578.54,['ungrounded: मुझे विश्वास नहीं है कि यह उत्तर स्रोत दस्तावेजों द्वारा पूरी तरह से समर्थित है। यहाँ प्रासंगिक अंश हैं:'],ok
80,hi,0.0,47.74,1527.18,1.28,1576.69,1580.24,['ungrounded: मुझे विश्वास नहीं है कि यह उत्तर स्रोत दस्तावेजों द्वारा पूरी तरह से समर्थित है। यहाँ प्रासंगिक अंश हैं:'],ok
81,hi,0.0,49.49,1493.41,1.92,1545.46,1551.24,[],ok
82,hi,0.0,60.32,1519.41,0.9,1581.09,1584.28,['ungrounded: मुझे विश्वास नहीं है कि यह उत्तर स्रोत दस्तावेजों द्वारा पूरी तरह से समर्थित है। यहाँ प्रासंगिक अंश हैं:'],ok
83,hi,0.0,115.41,1518.95,0.83,1635.9,1639.97,['ungrounded: मुझे विश्वास नहीं है कि यह उत्तर स्रोत दस्तावेजों द्वारा पूरी तरह से समर्थित है। यहाँ प्रासंगिक अंश हैं:'],ok
84,hi,0.0,48.25,1509.48,0.52,1558.49,1560.6,['ungrounded: मुझे विश्वास नहीं है कि यह उत्तर स्रोत दस्तावेजों द्वारा पूरी तरह से समर्थित है। यहाँ प्रासंगिक अंश हैं:'],ok
85,hi,0.0,59.39,1510.32,1.09,1571.61,1575.77,[],ok
86,hi,0.0,43.03,1517.54,0.51,1561.39,1564.61,['ungrounded: मुझे विश्वास नहीं है कि यह उत्तर स्रोत दस्तावेजों द्वारा पूरी तरह से समर्थित है। यहाँ प्रासंगिक अंश हैं:'],ok
87,hi,0.0,48.74,1509.97,1.07,1560.26,1562.81,[],ok
88,hi,0.0,51.14,1517.76,1.59,1571.17,1575.56,[],ok
89,hi,0.0,46.96,1502.12,0.87,1550.53,1553.86,['ungrounded: मुझे विश्वास नहीं है कि यह उत्तर स्रोत दस्तावेजों द्वारा पूरी तरह से समर्थित है। यहाँ प्रासंगिक अंश हैं:'],ok
90,hi,0.0,48.53,1511.64,1.5,1562.18,1565.8,[],ok
91,hi,0.0,69.77,1517.67,0.64,1588.58,1591.85,['ungrounded: मुझे विश्वास नहीं है कि यह उत्तर स्रोत दस्तावेजों द्वारा पूरी तरह से समर्थित है। यहाँ प्रासंगिक अंश हैं:'],ok
92,hi,0.0,71.12,1513.19,0.88,1585.55,1588.45,[],ok
93,hi,0.0,78.19,568.1,1.28,648.21,652.13,['ungrounded: मुझे विश्वास नहीं है कि यह उत्तर स्रोत दस्तावेजों द्वारा पूरी तरह से समर्थित है। यहाँ प्रासंगिक अंश हैं:'],ok
94,hi,0.0,80.51,1507.83,1.3,1590.25,1594.48,['ungrounded: मुझे विश्वास नहीं है कि यह उत्तर स्रोत दस्तावेजों द्वारा पूरी तरह से समर्थित है। यहाँ प्रासंगिक अंश हैं:'],ok
95,hi,0.0,81.1,1525.73,0.79,1608.03,1611.4,[],ok
96,hi,0.0,85.16,1511.59,1.22,1598.79,1602.59,['ungrounded: मुझे विश्वास नहीं है कि यह उत्तर स्रोत दस्तावेजों द्वारा पूरी तरह से समर्थित है। यहाँ प्रासंगिक अंश हैं:'],ok
97,hi,0.0,68.78,1513.36,0.48,1582.91,1586.45,['ungrounded: मुझे विश्वास नहीं है कि यह उत्तर स्रोत दस्तावेजों द्वारा पूरी तरह से समर्थित है। यहाँ प्रासंगिक अंश हैं:'],ok
98,hi,0.0,52.01,1518.9,0.73,1572.75,1576.02,['ungrounded: मुझे विश्वास नहीं है कि यह उत्तर स्रोत दस्तावेजों द्वारा पूरी तरह से समर्थित है। यहाँ प्रासंगिक अंश हैं:'],ok
99,hi,0.0,57.24,1511.22,0.71,1569.48,1571.53,[],ok
100,hi,0.0,48.45,1517.98,0.52,1567.4,1571.63,[],ok
